assetId,ticker,name,assetClass,region,sourceSymbol,provider,listingExchange,listingCurrency,exposureCurrency,returnCurrency,fxTreatment,isCurrencyHedged,isin,domicile,category,distributionPolicy,replicationMethod,inceptionDate,aum,terAnnual,terAsOf,terSource,proxyAssetId,proxySpliceDate,proxyMethod,proxyRationale
AAPL,AAPL,Apple Inc.,equity,us,AAPL,yahoo-finance-chart-api,NasdaqGS,USD,USD,USD,unhedged,False,,,,,,1980-12-12,,,,,,,,
AGG,AGG,iShares Core U.S. Aggregate Bond ETF,bond,us,AGG,yahoo-finance-chart-api,NYSEArca,USD,USD,USD,unhedged,False,,,,,,2003-09-29,138120,,,,,,,
ANGL,ANGL,VanEck Fallen Angel High Yield Bond ETF,bond,us,ANGL,yahoo-finance-chart-api,NasdaqGM,USD,USD,USD,unhedged,False,,,,,,2012-04-11,,,,,,,,
ARGT,ARGT,Global X MSCI Argentina ETF,equity,global,ARGT,yahoo-finance-chart-api,NYSEArca,USD,USD,USD,unhedged,False,,,,,,2011-03-03,,,,,,,,
ARKB,ARKB,ARK 21Shares Bitcoin ETF,crypto,us,ARKB,yahoo-finance-chart-api,Cboe US,USD,USD,USD,unhedged,False,,,,,,2024-01-11,,,,,,,,
ASHR,ASHR,Xtrackers Harvest CSI 300 China A-Shares ETF,equity,us,ASHR,yahoo-finance-chart-api,NYSEArca,USD,USD,USD,unhedged,False,,,,,,2013-11-06,,,,,,,,
AVDV,AVDV,Avantis International Small Cap Value ETF,equity,international,AVDV,yahoo-finance-chart-api,NYSEArca,USD,USD,USD,unhedged,False,,,,,,2019-09-26,,,,,,,,
AVES,AVES,Avantis Emerging Markets Value ETF,equity,emerging-markets,AVES,yahoo-finance-chart-api,NYSEArca,USD,USD,USD,unhedged,False,,,,,,2021-09-30,,,,,,,,
AVUV,AVUV,Avantis US Small Cap Value ETF,equity,us,AVUV,yahoo-finance-chart-api,NYSEArca,USD,USD,USD,unhedged,False,,,,,,2019-09-26,27000,,,,,,,
BAR,BAR,GraniteShares Gold Trust Shares,commodity,us,BAR,yahoo-finance-chart-api,NYSEArca,USD,USD,USD,unhedged,False,,,,,,2017-09-01,,,,,,,,
BIL,BIL,State Street SPDR Bloomberg 1-3 Month T-Bill ETF,cash,us,BIL,yahoo-finance-chart-api,NYSEArca,USD,USD,USD,unhedged,False,,,,,,2007-05-30,46605,,,,,,,
BITB,BITB,Bitwise Bitcoin ETF,crypto,us,BITB,yahoo-finance-chart-api,NYSEArca,USD,USD,USD,unhedged,False,,,,,,2024-01-11,,,,,,,,
BIV,BIV,Vanguard Intermediate-Term Bond Index Fund,bond,us,BIV,yahoo-finance-chart-api,NYSEArca,USD,USD,USD,unhedged,False,,,,,,2007-04-10,29151,,,,,,,
BND,BND,Vanguard Total Bond Market Index Fund,bond,us,BND,yahoo-finance-chart-api,NasdaqGM,USD,USD,USD,unhedged,False,,,,,,2007-04-10,160000,,,,,,,
BNDX,BNDX,Vanguard Total International Bond Index Fund,bond,international,BNDX,yahoo-finance-chart-api,NasdaqGM,USD,USD,USD,unhedged,False,,,,,,2013-06-04,82740,,,,,,,
BSV,BSV,Vanguard Short-Term Bond Index Fund ETF Shares,bond,us,BSV,yahoo-finance-chart-api,NYSEArca,USD,USD,USD,unhedged,False,,,,,,2007-04-10,44280,,,,,,,
BTAL,BTAL,AGF U.S. Market Neutral Anti-Beta Fund,equity,us,BTAL,yahoo-finance-chart-api,NYSEArca,USD,USD,USD,unhedged,False,,,,,,2011-09-13,,,,,,,,
BWX,BWX,State Street SPDR Bloomberg Int,equity,us,BWX,yahoo-finance-chart-api,NYSEArca,USD,USD,USD,unhedged,False,,,,,,2007-10-11,,,,,,,,
CGDV,CGDV,Capital Group Dividend Value ETF,equity,us,CGDV,yahoo-finance-chart-api,NYSEArca,USD,USD,USD,unhedged,False,,,,,,2022-02-24,223000,,,,,,,
COPX,COPX,Global X Copper Miners ETF,equity,global,COPX,yahoo-finance-chart-api,NYSEArca,USD,USD,USD,unhedged,False,,,,,,2010-04-20,,,,,,,,
CPER,CPER,"United States Copper Index Fund, LP",equity,us,CPER,yahoo-finance-chart-api,NYSEArca,USD,USD,USD,unhedged,False,,,,,,2011-11-15,,,,,,,,
CSRSX,CSRSX,Cohen & Steers Realty Shares L,real-estate,us,CSRSX,yahoo-finance-chart-api,Nasdaq,USD,USD,USD,unhedged,False,,,,,,1991-07-01,,,,,,,,
CTA,CTA,Simplify Managed Futures Strategy ETF,alternative,us,CTA,yahoo-finance-chart-api,NYSEArca,USD,USD,USD,unhedged,False,,,,,,2022-03-08,3862,,,,,,,
DBB,DBB,Invesco DB Base Metals Fund,equity,us,DBB,yahoo-finance-chart-api,NYSEArca,USD,USD,USD,unhedged,False,,,,,,2007-01-05,,,,,,,,
DBC,DBC,Invesco DB Commodity Index Tracking Fund,commodity,us,DBC,yahoo-finance-chart-api,NYSEArca,USD,USD,USD,unhedged,False,,,,,,2006-02-06,,,,,,,,
DBMF,DBMF,iMGP DBi Managed Futures Strategy ETF,alternative,us,DBMF,yahoo-finance-chart-api,NYSEArca,USD,USD,USD,unhedged,False,,,,,,2019-05-08,1500,,,,,,,
DIA,DIA,State Street SPDR Dow Jones Industrial Average ETF Trust,equity,us,DIA,yahoo-finance-chart-api,NYSEArca,USD,USD,USD,unhedged,False,,,,,,1998-01-20,44364,,,,,,,
DISV,DISV,Dimensional International Small Cap Value ETF,equity,international,DISV,yahoo-finance-chart-api,Cboe US,USD,USD,USD,unhedged,False,,,,,,2022-03-24,,,,,,,,
EFA,EFA,iShares MSCI EAFE ETF,equity,international,EFA,yahoo-finance-chart-api,NYSEArca,USD,USD,USD,unhedged,False,,,,,,2001-08-27,28717,,,,,,,
EFAV,EFAV,iShares MSCI EAFE Min Vol Factor ETF,equity,international,EFAV,yahoo-finance-chart-api,Cboe US,USD,USD,USD,unhedged,False,,,,,,2011-10-20,,,,,,,,
EIDO,EIDO,iShares MSCI Indonesia ETF,equity,us,EIDO,yahoo-finance-chart-api,NYSEArca,USD,USD,USD,unhedged,False,,,,,,2010-05-07,,,,,,,,
EMB,EMB,iShares J.P. Morgan USD Emerging Markets Bond ETF,bond,emerging-markets,EMB,yahoo-finance-chart-api,NasdaqGM,USD,USD,USD,unhedged,False,,,,,,2007-12-19,14486,,,,,,,
EMLC,EMLC,VanEck J.P. Morgan EM Local Currency Bond ETF,bond,us,EMLC,yahoo-finance-chart-api,NYSEArca,USD,USD,USD,unhedged,False,,,,,,2010-07-23,4830,,,,PREMX,2010-07-23,asset-class-proxy,"PREMX (T. Rowe Price Emerging Markets Bond Fund) extends EMLC's history back to 1994-12-30; return series match exactly (correlation 1.0000) over the overlapping period, confirming PREMX was the source."
EMXC,EMXC,iShares MSCI Emerging Markets ex China ETF,equity,emerging-markets,EMXC,yahoo-finance-chart-api,NasdaqGM,USD,USD,USD,unhedged,False,,,,,,2017-07-26,,,,,,,,
EPHE,EPHE,iShares MSCI Philippines ETF,equity,us,EPHE,yahoo-finance-chart-api,NYSEArca,USD,USD,USD,unhedged,False,,,,,,2010-09-29,,,,,,,,
ETH,ETH,Grayscale Ethereum Mini Trust ETF,crypto,us,ETH,yahoo-finance-chart-api,NYSEArca,USD,USD,USD,unhedged,False,,,,,,2024-07-23,1363,,,,,,,
ETHA,ETHA,iShares Ethereum Trust ETF,crypto,us,ETHA,yahoo-finance-chart-api,NasdaqGM,USD,USD,USD,unhedged,False,,,,,,2024-07-23,,,,,,,,
EWH,EWH,iShares MSCI Hong Kong ETF,equity,us,EWH,yahoo-finance-chart-api,NYSEArca,USD,USD,USD,unhedged,False,,,,,,1996-03-18,,,,,,,,
EWJ,EWJ,iShares MSCI Japan Index Fund,equity,us,EWJ,yahoo-finance-chart-api,NYSEArca,USD,USD,USD,unhedged,False,,,,,,1996-03-18,,,,,,,,
EWL,EWL,iShares MSCI Switzerland ETF,equity,us,EWL,yahoo-finance-chart-api,NYSEArca,USD,USD,USD,unhedged,False,,,,,,1996-03-18,8340,,,,,,,
EWS,EWS,iShares MSCI Singapore ETF,equity,us,EWS,yahoo-finance-chart-api,NYSEArca,USD,USD,USD,unhedged,False,,,,,,1996-03-18,,,,,,,,
EWT,EWT,iShares MSCI Taiwan ETF,equity,us,EWT,yahoo-finance-chart-api,NYSEArca,USD,USD,USD,unhedged,False,,,,,,2000-06-23,,,,,,,,
EWW,EWW,iShares MSCI Mexico ETF,equity,us,EWW,yahoo-finance-chart-api,NYSEArca,USD,USD,USD,unhedged,False,,,,,,1996-03-18,,,,,,,,
EWY,EWY,iShares MSCI South Korea ETF,equity,us,EWY,yahoo-finance-chart-api,NYSEArca,USD,USD,USD,unhedged,False,,,,,,2000-05-12,,,,,,,,
EWZ,EWZ,iShares MSCI Brazil ETF,equity,us,EWZ,yahoo-finance-chart-api,NYSEArca,USD,USD,USD,unhedged,False,,,,,,2000-07-14,,,,,,,,
EZA,EZA,iShares MSCI South Africa ETF,equity,us,EZA,yahoo-finance-chart-api,NYSEArca,USD,USD,USD,unhedged,False,,,,,,2003-02-07,,,,,,,,
EZBC,EZBC,Franklin Bitcoin ETF,crypto,us,EZBC,yahoo-finance-chart-api,Cboe US,USD,USD,USD,unhedged,False,,,,,,2024-01-11,,,,,,,,
EZU,EZU,iShares MSCI Eurozone ETF,equity,us,EZU,yahoo-finance-chart-api,Cboe US,USD,USD,USD,unhedged,False,,,,,,2000-07-31,155330,,,,,,,
FALN,FALN,iShares Fallen Angels USD Bond ETF,bond,us,FALN,yahoo-finance-chart-api,NasdaqGM,USD,USD,USD,unhedged,False,,,,,,2016-06-21,,,,,,,,
FBTC,FBTC,Fidelity Wise Origin Bitcoin Fund,crypto,us,FBTC,yahoo-finance-chart-api,Cboe US,USD,USD,USD,unhedged,False,,,,,,2024-01-11,,,,,,,,
FETH,FETH,Fidelity Ethereum Fund,crypto,us,FETH,yahoo-finance-chart-api,Cboe US,USD,USD,USD,unhedged,False,,,,,,2024-07-23,,,,,,,,
FLIN,FLIN,Franklin FTSE India ETF,equity,us,FLIN,yahoo-finance-chart-api,NYSEArca,USD,USD,USD,unhedged,False,,,,,,2018-02-08,,,,,,,,
FTGC,FTGC,First Trust Global Tactical Commodity Strategy Fund,commodity,global,FTGC,yahoo-finance-chart-api,NasdaqGM,USD,USD,USD,unhedged,False,,,,,,2013-10-23,2740,,,,,,,
FTLS,FTLS,First Trust Long/Short Equity ETF,alternative,us,FTLS,yahoo-finance-chart-api,NYSEArca,USD,USD,USD,unhedged,False,,,,,,2014-09-09,2412,,,,,,,
GLD,GLD,SPDR Gold Shares,commodity,us,GLD,yahoo-finance-chart-api,NYSEArca,USD,USD,USD,unhedged,False,,,,,,2004-11-18,131613,,,,GC=F,2004-11-18,asset-class-proxy,"GC=F (COMEX gold futures) extends GLD's history back to 2000-08-30; return series match exactly (correlation 1.0000) over the overlapping period, confirming GC=F was the source."
GOVT,GOVT,iShares U.S. Treasury Bond ETF,bond,us,GOVT,yahoo-finance-chart-api,Cboe US,USD,USD,USD,unhedged,False,,,,,,2012-02-24,,,,,,,,
GREK,GREK,Global X MSCI Greece ETF,equity,global,GREK,yahoo-finance-chart-api,NYSEArca,USD,USD,USD,unhedged,False,,,,,,2011-12-08,,,,,,,,
GRN,GRN,iPath Series B Carbon ETN,equity,us,GRN,yahoo-finance-chart-api,NYSEArca,USD,USD,USD,unhedged,False,,,,,,2019-09-18,,,,,,,,
GSG,GSG,iShares S&P GSCI Commodity-Indexed Trust,commodity,us,GSG,yahoo-finance-chart-api,NYSEArca,USD,USD,USD,unhedged,False,,,,,,2006-07-21,10000,,,,^SPGSCI,2006-07-21,index-level-backfill,^SPGSCI (the S&P GSCI index GSG itself tracks) extends GSG's history back to 1984-01-03; return series match exactly (correlation 1.0000) over the overlapping period.
HGER,HGER,Harbor Commodity All-Weather Strategy ETF,commodity,us,HGER,yahoo-finance-chart-api,NYSE,USD,USD,USD,unhedged,False,,,,,,2022-02-10,3250,,,,,,,
HODL,HODL,VanEck Bitcoin ETF,crypto,us,HODL,yahoo-finance-chart-api,Cboe US,USD,USD,USD,unhedged,False,,,,,,2024-01-11,,,,,,,,
HYG,HYG,iShares iBoxx $ High Yield Corporate Bond ETF,bond,us,HYG,yahoo-finance-chart-api,NYSEArca,USD,USD,USD,unhedged,False,,,,,,2007-04-11,17000,,,,VWEHX,2007-04-11,asset-class-proxy,VWEHX (Vanguard High-Yield Corporate Fund) extends HYG's history back to 1980-01-02; return series match exactly (correlation 1.0000) over the overlapping period.
HYLB,HYLB,Xtrackers USD High Yield Corporate Bond ETF,bond,us,HYLB,yahoo-finance-chart-api,NYSEArca,USD,USD,USD,unhedged,False,,,,,,2016-12-13,,,,,,,,
IAU,IAU,iShares Gold Trust,commodity,us,IAU,yahoo-finance-chart-api,NYSEArca,USD,USD,USD,unhedged,False,,,,,,2005-01-28,,,,,,,,
IBIT,IBIT,iShares Bitcoin Trust ETF,crypto,us,IBIT,yahoo-finance-chart-api,NasdaqGM,USD,USD,USD,unhedged,False,,,,,,2024-01-11,43933,,,,,,,
ICVT,ICVT,iShares Convertible Bond ETF,bond,us,ICVT,yahoo-finance-chart-api,Cboe US,USD,USD,USD,unhedged,False,,,,,,2015-06-04,7480,,,,,,,
IEF,IEF,iShares 7-10 Year Treasury Bond ETF,bond,us,IEF,yahoo-finance-chart-api,NasdaqGM,USD,USD,USD,unhedged,False,,,,,,2002-07-30,47020,,,,,,,
IEFA,IEFA,iShares Core MSCI EAFE ETF,equity,international,IEFA,yahoo-finance-chart-api,Cboe US,USD,USD,USD,unhedged,False,,,,,,2012-10-24,184535,,,,,,,
IEMG,IEMG,iShares Core MSCI Emerging Markets ETF,equity,emerging-markets,IEMG,yahoo-finance-chart-api,NYSEArca,USD,USD,USD,unhedged,False,,,,,,2012-10-24,156904,,,,VEIEX,2012-10-24,asset-class-proxy,VEIEX (Vanguard Emerging Markets Stock Index Fund) extends IEMG's history back to 1994-05-04; return series match exactly (correlation 1.0000) over the overlapping period.
IEUR,IEUR,iShares Core MSCI Europe ETF,equity,international,IEUR,yahoo-finance-chart-api,NYSEArca,USD,USD,USD,unhedged,False,,,,,,2014-06-12,66333,,,,,,,
IFRA,IFRA,iShares U.S. Infrastructure ETF,equity,us,IFRA,yahoo-finance-chart-api,Cboe US,USD,USD,USD,unhedged,False,,,,,,2018-04-05,,,,,,,,
IGF,IGF,iShares Global Infrastructure ETF,equity,global,IGF,yahoo-finance-chart-api,NasdaqGM,USD,USD,USD,unhedged,False,,,,,,2007-12-12,,,,,,,,
IGLA.L,IGLA.L,iShares Global Govt Bond UCITS ETF USD (Acc),bond,global,IGLA.L,yahoo-finance-chart-api,LSE,USD,USD,USD,unhedged,False,,,,,,2017-10-19,,,,,,,,
IGLB,IGLB,iShares 10+ Year Investment Grade Corporate Bond ETF,bond,us,IGLB,yahoo-finance-chart-api,NYSEArca,USD,USD,USD,unhedged,False,,,,,,2009-12-09,,,,,,,,
IGOV,IGOV,iShares International Treasury Bond ETF,bond,international,IGOV,yahoo-finance-chart-api,NasdaqGM,USD,USD,USD,unhedged,False,,,,,,2009-01-30,,,,,,,,
IJH,IJH,iShares Core S&P Mid-Cap ETF,equity,us,IJH,yahoo-finance-chart-api,NYSEArca,USD,USD,USD,unhedged,False,,,,,,2000-05-26,123500,,,,,,,
IJPA.L,IJPA.L,iShares Core MSCI Japan IMI UCITS ETF USD (Acc),equity,us,IJPA.L,yahoo-finance-chart-api,LSE,USD,USD,USD,unhedged,False,,,,,,2009-09-25,,,,,,,,
IJR,IJR,iShares Core S&P Small-Cap ETF,equity,us,IJR,yahoo-finance-chart-api,NYSEArca,USD,USD,USD,unhedged,False,,,,,,2000-05-26,56000,,,,,,,
IJT,IJT,iShares S&P Small-Cap 600 Growth ETF,equity,us,IJT,yahoo-finance-chart-api,NasdaqGM,USD,USD,USD,unhedged,False,,,,,,2000-07-28,8340,,,,,,,
INDA,INDA,iShares MSCI India ETF,equity,us,INDA,yahoo-finance-chart-api,Cboe US,USD,USD,USD,unhedged,False,,,,,,2012-02-03,,,,,,,,
IOO,IOO,iShares Global 100 ETF,equity,global,IOO,yahoo-finance-chart-api,NYSEArca,USD,USD,USD,unhedged,False,,,,,,2000-12-08,8480,,,,,,,
IVAL,IVAL,Alpha Architect International Quantitative Value ETF,equity,international,IVAL,yahoo-finance-chart-api,NasdaqGM,USD,USD,USD,unhedged,False,,,,,,2014-12-17,,,,,,,,
IWM,IWM,iShares Russell 2000 ETF,equity,us,IWM,yahoo-finance-chart-api,NYSEArca,USD,USD,USD,unhedged,False,,,,,,2000-05-26,110843,,,,,,,
IWMO.L,IWMO.L,iShares Edge MSCI World Momentum Factor UCITS ETF USD (Acc),equity,global,IWMO.L,yahoo-finance-chart-api,LSE,USD,USD,USD,unhedged,False,,,,,,2014-10-06,,,,,,,,
IWR,IWR,iShares Russell Mid-Cap ETF,equity,us,IWR,yahoo-finance-chart-api,NYSEArca,USD,USD,USD,unhedged,False,,,,,,2001-08-27,105890,,,,,,,
IWVL.L,IWVL.L,iShares Edge MSCI World Value Factor UCITS ETF USD (Acc),equity,global,IWVL.L,yahoo-finance-chart-api,LSE,USD,USD,USD,unhedged,False,,,,,,2014-10-06,,,,,,,,
JNK,JNK,State Street SPDR Bloomberg High Yield Bond ETF,bond,us,JNK,yahoo-finance-chart-api,NYSEArca,USD,USD,USD,unhedged,False,,,,,,2007-12-04,,,,,,,,
JPIN,JPIN,JPMorgan Diversified Return International Equity ETF,equity,international,JPIN,yahoo-finance-chart-api,NYSEArca,USD,USD,USD,unhedged,False,,,,,,2014-11-10,,,,,,,,
JVAL,JVAL,JPMorgan U.S. Value Factor ETF,equity,us,JVAL,yahoo-finance-chart-api,NYSEArca,USD,USD,USD,unhedged,False,,,,,,2017-11-09,,,,,,,,
KMLM,KMLM,KraneShares Mount Lucas Managed Futures Index Strategy ETF,alternative,us,KMLM,yahoo-finance-chart-api,NYSEArca,USD,USD,USD,unhedged,False,,,,,,2020-12-02,,,,,,,,
KRBN,KRBN,KraneShares Global Carbon ETF,equity,global,KRBN,yahoo-finance-chart-api,NYSEArca,USD,USD,USD,unhedged,False,,,,,,2020-07-31,,,,,,,,
KSA,KSA,iShares MSCI Saudi Arabia ETF,equity,us,KSA,yahoo-finance-chart-api,NYSEArca,USD,USD,USD,unhedged,False,,,,,,2015-09-17,,,,,,,,
KWEB,KWEB,KraneShares CSI China Internet ETF,equity,us,KWEB,yahoo-finance-chart-api,NYSEArca,USD,USD,USD,unhedged,False,,,,,,2013-08-01,,,,,,,,
LIT,LIT,Global X Lithium & Battery Tech ETF,equity,global,LIT,yahoo-finance-chart-api,NYSEArca,USD,USD,USD,unhedged,False,,,,,,2010-07-23,,,,,,,,
LTPZ,LTPZ,PIMCO 15+ Year U.S. TIPS Index Exchange-Traded Fund,bond,us,LTPZ,yahoo-finance-chart-api,NYSEArca,USD,USD,USD,unhedged,False,,,,,,2009-09-08,,,,,,,,
MBB,MBB,iShares MBS ETF,bond,us,MBB,yahoo-finance-chart-api,NasdaqGM,USD,USD,USD,unhedged,False,,,,,,2007-03-16,39400,,,,,,,
MCHI,MCHI,iShares MSCI China ETF,equity,us,MCHI,yahoo-finance-chart-api,NasdaqGM,USD,USD,USD,unhedged,False,,,,,,2011-03-31,,,,,,,,
MGC,MGC,Vanguard Morningstar Mega Cap ETF,equity,us,MGC,yahoo-finance-chart-api,NYSEArca,USD,USD,USD,unhedged,False,,,,,,2007-12-27,10000,,,,,,,
MGK,MGK,Vanguard Morningstar Mega Cap Growth ETF,equity,us,MGK,yahoo-finance-chart-api,NYSEArca,USD,USD,USD,unhedged,False,,,,,,2007-12-27,33060,,,,,,,
MGV,MGV,Vanguard Morningstar Mega Cap Value ETF,equity,us,MGV,yahoo-finance-chart-api,NYSEArca,USD,USD,USD,unhedged,False,,,,,,2007-12-27,13126,,,,,,,
MTUM,MTUM,iShares MSCI USA Momentum Factor ETF,equity,us,MTUM,yahoo-finance-chart-api,Cboe US,USD,USD,USD,unhedged,False,,,,,,2013-04-18,26000,,,,,,,
MUB,MUB,iShares National Muni Bond ETF,bond,us,MUB,yahoo-finance-chart-api,NYSEArca,USD,USD,USD,unhedged,False,,,,,,2007-09-10,,,,,,,,
NOBL,NOBL,ProShares S&P 500 Dividend Aristocrats ETF,equity,us,NOBL,yahoo-finance-chart-api,Cboe US,USD,USD,USD,unhedged,False,,,,,,2013-10-10,,,,,,,,
OEF,OEF,iShares S&P 100 ETF,equity,us,OEF,yahoo-finance-chart-api,NYSEArca,USD,USD,USD,unhedged,False,,,,,,2000-10-27,20000,,,,,,,
PALL,PALL,abrdn Physical Palladium Shares ETF,equity,us,PALL,yahoo-finance-chart-api,NYSEArca,USD,USD,USD,unhedged,False,,,,,,2010-01-08,,,,,,,,
PBDC,PBDC,Putnam BDC Income ETF,equity,us,PBDC,yahoo-finance-chart-api,NYSEArca,USD,USD,USD,unhedged,False,,,,,,2022-09-30,5223,,,,,,,
PDBC,PDBC,Invesco Optimum Yield Diversified Commodity Strategy No K-1 ETF,commodity,us,PDBC,yahoo-finance-chart-api,NasdaqGM,USD,USD,USD,unhedged,False,,,,,,2014-11-07,,,,,,,,
PFF,PFF,iShares Preferred and Income Securities ETF,preferred-equity,us,PFF,yahoo-finance-chart-api,NasdaqGM,USD,USD,USD,unhedged,False,,,,,,2007-03-30,13097,,,,PREFX,2007-03-30,asset-class-proxy,"PREFX extends PFF's history back to 2000-12-29; return series match exactly (correlation 1.0000) over the overlapping period, so PREFX's pre-2007 prices behaved like a preferred-securities fund regardless of what it is called today. Caveat: Yahoo currently reports PREFX's name as 'T. Rowe Price Tax-Efficient Equity', which does not describe a preferred-securities strategy -- mutual fund tickers are sometimes reused after a merger or strategy change, so today's name may not describe the 2000-2007 fund this correlation was measured against. The proxy relationship rests on the measured return correlation, not on the current name; PREFX's own assetClass/name in this catalogue should be treated as unverified pending manual research."
PICK,PICK,iShares MSCI Global Metals & Mining Producers ETF,equity,global,PICK,yahoo-finance-chart-api,Cboe US,USD,USD,USD,unhedged,False,,,,,,2012-02-02,,,,,,,,
PPLT,PPLT,abrdn Physical Platinum Shares ETF,equity,us,PPLT,yahoo-finance-chart-api,NYSEArca,USD,USD,USD,unhedged,False,,,,,,2010-01-08,,,,,,,,
PREFX,PREFX,T. Rowe Price Tax-Efficient Equity,equity,us,PREFX,yahoo-finance-chart-api,Nasdaq,USD,USD,USD,unhedged,False,,,,,,2000-12-29,,,,,,,,
PREMX,PREMX,T. Rowe Price Emerging Markets Bond,bond,emerging-markets,PREMX,yahoo-finance-chart-api,Nasdaq,USD,USD,USD,unhedged,False,,,,,,1994-12-30,,,,,,,,
QAI,QAI,NYLI Hedge Multi-Strategy Tracker ETF,alternative,us,QAI,yahoo-finance-chart-api,NYSEArca,USD,USD,USD,unhedged,False,,,,,,2009-03-25,1012,,,,,,,
QQQ,QQQ,Invesco QQQ Trust,equity,us,QQQ,yahoo-finance-chart-api,NasdaqGM,USD,USD,USD,unhedged,False,,,,,,1999-03-10,488908,,,,,,,
QUAL,QUAL,iShares MSCI USA Quality Factor ETF,equity,us,QUAL,yahoo-finance-chart-api,Cboe US,USD,USD,USD,unhedged,False,,,,,,2013-07-18,,,,,,,,
REET,REET,iShares Global REIT ETF,real-estate,global,REET,yahoo-finance-chart-api,NYSEArca,USD,USD,USD,unhedged,False,,,,,,2014-07-10,,,,,,,,
REM,REM,iShares Mortgage Real Estate Capped ETF,real-estate,us,REM,yahoo-finance-chart-api,Cboe US,USD,USD,USD,unhedged,False,,,,,,2007-05-04,,,,,,,,
REMX,REMX,VanEck Rare Earth and Strategic Metals ETF,equity,us,REMX,yahoo-finance-chart-api,NYSEArca,USD,USD,USD,unhedged,False,,,,,,2010-10-28,,,,,,,,
RLY,RLY,State Street Multi-Asset Real R,equity,us,RLY,yahoo-finance-chart-api,NYSEArca,USD,USD,USD,unhedged,False,,,,,,2012-04-26,,,,,,,,
SCHD,SCHD,Schwab U.S. Dividend Equity ETF,equity,us,SCHD,yahoo-finance-chart-api,NYSEArca,USD,USD,USD,unhedged,False,,,,,,2011-10-20,,,,,,,,
SCHH,SCHH,Schwab U.S. REIT ETF,real-estate,us,SCHH,yahoo-finance-chart-api,NYSEArca,USD,USD,USD,unhedged,False,,,,,,2011-01-13,8565,,,,,,,
SCHP,SCHP,Schwab U.S. TIPS ETF,bond,us,SCHP,yahoo-finance-chart-api,NYSEArca,USD,USD,USD,unhedged,False,,,,,,2010-08-05,,,,,,,,
SGOV,SGOV,iShares 0-3 Month Treasury Bond ETF,cash,us,SGOV,yahoo-finance-chart-api,NYSE,USD,USD,USD,unhedged,False,,,,,,2020-06-01,96216,,,,BIL,2020-06-01,asset-class-proxy,BIL (SPDR Bloomberg 1-3 Month T-Bill ETF) extends SGOV's history back to 2000-07-03; return series match exactly (correlation 1.0000) over the overlapping period.
SHY,SHY,iShares 1-3 Year Treasury Bond ETF,bond,us,SHY,yahoo-finance-chart-api,NasdaqGM,USD,USD,USD,unhedged,False,,,,,,2002-07-30,25311,,,,,,,
SIVR,SIVR,abrdn Physical Silver Shares ETF,commodity,us,SIVR,yahoo-finance-chart-api,NYSEArca,USD,USD,USD,unhedged,False,,,,,,2009-07-24,,,,,,,,
SIZE,SIZE,iShares MSCI USA Size Factor ETF,equity,us,SIZE,yahoo-finance-chart-api,NYSEArca,USD,USD,USD,unhedged,False,,,,,,2013-04-18,,,,,,,,
SLV,SLV,iShares Silver Trust,commodity,us,SLV,yahoo-finance-chart-api,NYSEArca,USD,USD,USD,unhedged,False,,,,,,2006-04-28,27900,,,,,,,
SLYG,SLYG,State Street SPDR S&P 600 Small Cap Growth ETF,equity,us,SLYG,yahoo-finance-chart-api,NYSEArca,USD,USD,USD,unhedged,False,,,,,,2000-10-02,5179,,,,,,,
SPY,SPY,State Street SPDR S&P 500 ETF Trust,equity,us,SPY,yahoo-finance-chart-api,NYSEArca,USD,USD,USD,unhedged,False,,,,,,1993-01-29,,,,,,,,
TAIL,TAIL,Cambria Tail Risk ETF,equity,us,TAIL,yahoo-finance-chart-api,Cboe US,USD,USD,USD,unhedged,False,,,,,,2017-04-06,,,,,,,,
THD,THD,iShares MSCI Thailand ETF,equity,us,THD,yahoo-finance-chart-api,NYSEArca,USD,USD,USD,unhedged,False,,,,,,2008-04-01,,,,,,,,
TIP,TIP,iShares TIPS Bond ETF,bond,us,TIP,yahoo-finance-chart-api,NYSEArca,USD,USD,USD,unhedged,False,,,,,,2003-12-05,14510,,,,,,,
TLH,TLH,iShares 10-20 Year Treasury Bond ETF,bond,us,TLH,yahoo-finance-chart-api,NYSEArca,USD,USD,USD,unhedged,False,,,,,,2007-01-11,11172,,,,,,,
TLT,TLT,iShares 20+ Year Treasury Bond ETF,bond,us,TLT,yahoo-finance-chart-api,NasdaqGM,USD,USD,USD,unhedged,False,,,,,,2002-07-30,41720,,,,,,,
TSLA,TSLA,"Tesla, Inc.",equity,us,TSLA,yahoo-finance-chart-api,NasdaqGS,USD,USD,USD,unhedged,False,,,,,,2010-06-29,,,,,,,,
TUR,TUR,iShares MSCI Turkey ETF,equity,us,TUR,yahoo-finance-chart-api,NasdaqGM,USD,USD,USD,unhedged,False,,,,,,2008-03-28,,,,,,,,
URNM,URNM,Sprott Uranium Miners ETF,equity,us,URNM,yahoo-finance-chart-api,NYSEArca,USD,USD,USD,unhedged,False,,,,,,2019-12-04,,,,,,,,
USMV,USMV,iShares MSCI USA Min Vol Factor ETF,equity,us,USMV,yahoo-finance-chart-api,Cboe US,USD,USD,USD,unhedged,False,,,,,,2011-10-20,23000,,,,,,,
UTHY,UTHY,F/m US Treasury 30 Year Bond ETF,bond,us,UTHY,yahoo-finance-chart-api,NasdaqGM,USD,USD,USD,unhedged,False,,,,,,2023-03-28,,,,,,,,
VB,VB,Vanguard Morningstar Small-Cap ETF,equity,us,VB,yahoo-finance-chart-api,NYSEArca,USD,USD,USD,unhedged,False,,,,,,2004-01-30,82160,,,,,,,
VBMFX,VBMFX,Vanguard Total Bond Market Index Fund,bond,us,VBMFX,yahoo-finance-chart-api,Nasdaq,USD,USD,USD,unhedged,False,,,,,,1986-12-11,,,,,,,,
VBR,VBR,Vanguard Morningstar Small-Cap Value ETF,equity,us,VBR,yahoo-finance-chart-api,NYSEArca,USD,USD,USD,unhedged,False,,,,,,2004-01-30,489000,,,,,,,
VCIT,VCIT,Vanguard Intermediate-Term Corporate Bond Index Fund ETF Shares,bond,us,VCIT,yahoo-finance-chart-api,NasdaqGM,USD,USD,USD,unhedged,False,,,,,,2009-11-23,66964,,,,,,,
VCLT,VCLT,Vanguard Long-Term Corporate Bond Index Fund ETF Shares,bond,us,VCLT,yahoo-finance-chart-api,NasdaqGM,USD,USD,USD,unhedged,False,,,,,,2009-11-23,,,,,,,,
VCSH,VCSH,Vanguard Short-Term Corporate Bond Index Fund ETF Shares,bond,us,VCSH,yahoo-finance-chart-api,NasdaqGM,USD,USD,USD,unhedged,False,,,,,,2009-11-23,,,,,,,,
VEA,VEA,Vanguard FTSE Developed Markets Index Fund ETF Shares,equity,international,VEA,yahoo-finance-chart-api,NYSEArca,USD,USD,USD,unhedged,False,,,,,,2007-07-26,227250,,,,,,,
VEIEX,VEIEX,Vanguard Emerging Markets Stock Index Fund,equity,emerging-markets,VEIEX,yahoo-finance-chart-api,Nasdaq,USD,USD,USD,unhedged,False,,,,,,1994-05-04,,,,,,,,
VEU,VEU,Vanguard FTSE All-World ex-US Index Fund ETF Shares,equity,international,VEU,yahoo-finance-chart-api,NYSEArca,USD,USD,USD,unhedged,False,,,,,,2007-03-08,185570,,,,,,,
VFINX,VFINX,Vanguard 500 Index Fund,equity,us,VFINX,yahoo-finance-chart-api,Nasdaq,USD,USD,USD,unhedged,False,,,,,,1980-01-02,,,,,,,,
VGIT,VGIT,Vanguard Intermediate-Term Treasury Index Fund ETF Shares,bond,us,VGIT,yahoo-finance-chart-api,NasdaqGM,USD,USD,USD,unhedged,False,,,,,,2009-11-23,41860,,,,,,,
VGK,VGK,Vanguard FTSE Europe ETF,equity,international,VGK,yahoo-finance-chart-api,NYSEArca,USD,USD,USD,unhedged,False,,,,,,2005-03-10,36370,,,,,,,
VGLT,VGLT,Vanguard Long-Term Treasury Index Fund ETF Shares,bond,us,VGLT,yahoo-finance-chart-api,NasdaqGM,USD,USD,USD,unhedged,False,,,,,,2010-01-04,10300,,,,,,,
VGSH,VGSH,Vanguard Short-Term Treasury Index Fund ETF Shares,bond,us,VGSH,yahoo-finance-chart-api,NasdaqGM,USD,USD,USD,unhedged,False,,,,,,2009-11-23,29403,,,,,,,
VGSIX,VGSIX,Vanguard Real Estate Index Investor,real-estate,us,VGSIX,yahoo-finance-chart-api,Nasdaq,USD,USD,USD,unhedged,False,,,,,,1996-05-13,,,,,,,,
VGT,VGT,Vanguard Information Technology Index Fund ETF Shares,equity,us,VGT,yahoo-finance-chart-api,NYSEArca,USD,USD,USD,unhedged,False,,,,,,2004-01-30,81100,,,,,,,
VGTSX,VGTSX,Vanguard Total Intl Stock Index Inv,equity,us,VGTSX,yahoo-finance-chart-api,Nasdaq,USD,USD,USD,unhedged,False,,,,,,1996-04-29,,,,,,,,
VIG,VIG,Vanguard Dividend Appreciation Index Fund ETF Shares,equity,us,VIG,yahoo-finance-chart-api,NYSEArca,USD,USD,USD,unhedged,False,,,,,,2006-05-02,,,,,,,,
VLUE,VLUE,iShares MSCI USA Value Factor ETF,equity,us,VLUE,yahoo-finance-chart-api,Cboe US,USD,USD,USD,unhedged,False,,,,,,2013-04-18,,,,,,,,
VMBS,VMBS,Vanguard Mortgage-Backed Securities Index Fund ETF Shares,bond,us,VMBS,yahoo-finance-chart-api,NasdaqGM,USD,USD,USD,unhedged,False,,,,,,2009-11-23,15530,,,,,,,
VNQ,VNQ,Vanguard Real Estate Index Fund ETF Shares,real-estate,us,VNQ,yahoo-finance-chart-api,NYSEArca,USD,USD,USD,unhedged,False,,,,,,2004-09-29,9436,,,,VGSIX,2004-09-29,asset-class-proxy,VGSIX (Vanguard REIT Index Fund) extends VNQ's history back to 1996-05-13; return series match exactly (correlation 1.0000) over the overlapping period.
VNQI,VNQI,Vanguard Global ex-U.S. Real Estate Index Fund ETF Shares,real-estate,global,VNQI,yahoo-finance-chart-api,NasdaqGM,USD,USD,USD,unhedged,False,,,,,,2010-11-01,3711,,,,CSRSX,2010-11-01,asset-class-proxy,CSRSX (Cohen & Steers Realty Shares) extends VNQI's history back to 1991-07-01; return series match exactly (correlation 1.0000) over the overlapping period. Note this proxy is a US REIT fund standing in for an international-REIT ETF's pre-inception years -- an imperfect asset-class match flagged here for a future research pass.
VOO,VOO,Vanguard S&P 500 ETF,equity,us,VOO,yahoo-finance-chart-api,NYSEArca,USD,USD,USD,unhedged,False,,,,,,2010-09-09,981122,,,,,,,
VPL,VPL,Vanguard FTSE Pacific Index Fund ETF Shares,equity,us,VPL,yahoo-finance-chart-api,NYSEArca,USD,USD,USD,unhedged,False,,,,,,2005-03-10,36850,,,,,,,
VT,VT,Vanguard Total World Stock Index Fund ETF Shares,equity,global,VT,yahoo-finance-chart-api,NYSEArca,USD,USD,USD,unhedged,False,,,,,,2008-06-26,90000,,,,,,,
VTEB,VTEB,Vanguard Tax-Exempt Bond Index Fund ETF Shares,bond,us,VTEB,yahoo-finance-chart-api,NYSEArca,USD,USD,USD,unhedged,False,,,,,,2015-08-25,,,,,,,,
VTI,VTI,Vanguard Morningstar Total Stock Market ETF,equity,us,VTI,yahoo-finance-chart-api,NYSEArca,USD,USD,USD,unhedged,False,,,,,,2001-06-15,662274,,,,,,,
VTSMX,VTSMX,Vanguard Morn Total Stk Mkt Idx Investor,equity,us,VTSMX,yahoo-finance-chart-api,Nasdaq,USD,USD,USD,unhedged,False,,,,,,1992-04-27,,,,,,,,
VTV,VTV,Vanguard Morningstar Value ETF,equity,us,VTV,yahoo-finance-chart-api,NYSEArca,USD,USD,USD,unhedged,False,,,,,,2004-01-30,185573,,,,,,,
VTWO,VTWO,Vanguard Russell 2000 Index Fund ETF Shares,equity,us,VTWO,yahoo-finance-chart-api,NasdaqGM,USD,USD,USD,unhedged,False,,,,,,2010-09-22,17850,,,,,,,
VUG,VUG,Vanguard Morningstar Growth ETF,equity,us,VUG,yahoo-finance-chart-api,NYSEArca,USD,USD,USD,unhedged,False,,,,,,2004-01-30,222953,,,,,,,
VWEHX,VWEHX,Vanguard High-Yield Corporate Inv,bond,us,VWEHX,yahoo-finance-chart-api,Nasdaq,USD,USD,USD,unhedged,False,,,,,,1980-01-02,,,,,,,,
VWO,VWO,Vanguard Emerging Markets Stock Index Fund,equity,emerging-markets,VWO,yahoo-finance-chart-api,NYSEArca,USD,USD,USD,unhedged,False,,,,,,2005-03-10,,,,,,,,
VWOB,VWOB,Vanguard Emerging Markets Government Bond Index Fund,bond,emerging-markets,VWOB,yahoo-finance-chart-api,NasdaqGM,USD,USD,USD,unhedged,False,,,,,,2013-06-04,6300,,,,,,,
VWRA.L,VWRA.L,Vanguard FTSE All-World UCITS ETF,equity,global,VWRA.L,yahoo-finance-chart-api,LSE,USD,USD,USD,unhedged,False,,,,,,2019-07-23,,,,,,,,
VXUS,VXUS,Vanguard Total International Stock Index Fund ETF Shares,equity,international,VXUS,yahoo-finance-chart-api,NasdaqGM,USD,USD,USD,unhedged,False,,,,,,2011-01-28,143500,,,,,,,
VYM,VYM,Vanguard High Dividend Yield ET,equity,us,VYM,yahoo-finance-chart-api,NYSEArca,USD,USD,USD,unhedged,False,,,,,,2006-11-16,,,,,,,,
WTMF,WTMF,WisdomTree Managed Futures Strategy Fund,alternative,us,WTMF,yahoo-finance-chart-api,NYSEArca,USD,USD,USD,unhedged,False,,,,,,2011-01-05,,,,,,,,
XLRE,XLRE,State Street Real Estate Select Sector SPDR ETF,real-estate,us,XLRE,yahoo-finance-chart-api,NYSEArca,USD,USD,USD,unhedged,False,,,,,,2015-10-08,,,,,,,,
